created_at,updated_at,symbol,asset_type,signal_label,signal_score_band,confidence_band,public_watch_tier,observation_bucket,status,return_1d,return_3d,return_7d,return_14d,max_favorable_excursion,max_adverse_excursion
2026-06-02 03:30:03,2026-06-02 03:30:32,WBETHUSDT,crypto,young_trend_watch,lower_model_score_band,medium_confidence_band,watch_tier_d,low_priority_watch,open,,,,,0.35,-1.75
2026-06-02 03:30:03,2026-06-02 03:30:32,FETUSDT,crypto,young_trend_watch,lower_model_score_band,medium_confidence_band,watch_tier_c,low_priority_watch,open,,,,,2.31,-3.04
2026-06-02 03:30:03,2026-06-02 03:30:32,WOOUSDT,crypto,young_trend_watch,lower_model_score_band,medium_confidence_band,watch_tier_c,low_priority_watch,open,,,,,1.78,-2.96
2026-06-02 03:30:03,2026-06-02 03:30:32,LQTYUSDT,crypto,young_trend_watch,lower_model_score_band,medium_confidence_band,watch_tier_c,weak_signal_watch,open,,,,,3.58,-2.15
2026-06-02 03:30:02,2026-06-02 03:30:02,GBPUSDT,crypto,fresh_transition_watch,medium_model_score_band,medium_confidence_band,watch_tier_c,low_priority_watch,open,,,,,,
2026-06-02 03:30:02,2026-06-02 03:30:31,PIXELUSDT,crypto,young_trend_watch,lower_model_score_band,medium_confidence_band,watch_tier_d,low_priority_watch,open,,,,,0.83,-2.5
2026-06-02 03:30:02,2026-06-02 03:30:31,ETHUSDT,crypto,young_trend_watch,lower_model_score_band,medium_confidence_band,watch_tier_c,low_priority_watch,open,,,,,0.27,-1.93
2026-06-01 03:30:03,2026-06-02 03:30:30,WBETHUSDT,crypto,young_trend_watch,lower_model_score_band,medium_confidence_band,watch_tier_d,low_priority_watch,open,-0.8,,,,0.22,-2.92
2026-06-01 03:30:03,2026-06-02 03:30:30,FETUSDT,crypto,young_trend_watch,lower_model_score_band,medium_confidence_band,watch_tier_c,low_priority_watch,open,-3.19,,,,2.27,-9.63
2026-06-01 03:30:03,2026-06-02 03:30:30,WOOUSDT,crypto,young_trend_watch,lower_model_score_band,medium_confidence_band,watch_tier_c,low_priority_watch,open,0.6,,,,2.38,-3.57
2026-06-01 03:30:03,2026-06-02 03:30:31,LQTYUSDT,crypto,young_trend_watch,lower_model_score_band,medium_confidence_band,watch_tier_c,weak_signal_watch,open,2.58,,,,7.38,-1.48
2026-06-01 03:30:02,2026-06-01 03:30:02,GBPUSDT,crypto,fresh_transition_watch,medium_model_score_band,medium_confidence_band,watch_tier_c,low_priority_watch,open,,,,,,
2026-06-01 03:30:02,2026-06-02 03:30:29,PIXELUSDT,crypto,young_trend_watch,lower_model_score_band,medium_confidence_band,watch_tier_d,low_priority_watch,open,-2.17,,,,1.49,-5.68
2026-06-01 03:30:02,2026-06-02 03:30:30,ETHUSDT,crypto,young_trend_watch,lower_model_score_band,medium_confidence_band,watch_tier_c,low_priority_watch,open,-0.69,,,,0.31,-2.94
2026-05-31 03:30:03,2026-06-02 03:30:29,WOOUSDT,crypto,young_trend_watch,lower_model_score_band,medium_confidence_band,watch_tier_c,low_priority_watch,open,1.79,,,,2.38,-3.57
2026-05-31 03:30:03,2026-06-02 03:30:29,LQTYUSDT,crypto,young_trend_watch,lower_model_score_band,medium_confidence_band,watch_tier_c,weak_signal_watch,open,11.63,,,,12.79,-2.33
2026-05-31 03:30:02,2026-06-02 03:30:27,PIXELUSDT,crypto,young_trend_watch,lower_model_score_band,medium_confidence_band,watch_tier_d,low_priority_watch,open,4.76,,,,9.52,-4.18
2026-05-31 03:30:02,2026-06-02 03:30:28,ETHUSDT,crypto,young_trend_watch,lower_model_score_band,medium_confidence_band,watch_tier_c,low_priority_watch,open,-1.45,,,,0.09,-3.94
2026-05-31 03:30:02,2026-06-02 03:30:28,WBETHUSDT,crypto,young_trend_watch,lower_model_score_band,medium_confidence_band,watch_tier_d,low_priority_watch,open,-1.58,,,,0.03,-3.89
2026-05-31 03:30:02,2026-06-02 03:30:28,FETUSDT,crypto,young_trend_watch,lower_model_score_band,medium_confidence_band,watch_tier_c,low_priority_watch,open,-2.73,,,,2.52,-9.4
2026-05-31 03:30:01,2026-05-31 03:30:01,GBPUSDT,crypto,fresh_transition_watch,medium_model_score_band,medium_confidence_band,watch_tier_c,low_priority_watch,open,,,,,,
2026-05-30 03:30:04,2026-06-02 03:30:27,LQTYUSDT,crypto,young_trend_watch,lower_model_score_band,medium_confidence_band,watch_tier_c,weak_signal_watch,open,11.07,9.88,,,15.02,-2.37
2026-05-30 03:30:03,2026-06-02 03:30:26,ETHUSDT,crypto,young_trend_watch,lower_model_score_band,medium_confidence_band,watch_tier_c,low_priority_watch,open,-0.64,-0.95,,,0.9,-3.16
2026-05-30 03:30:03,2026-06-02 03:30:26,WBETHUSDT,crypto,young_trend_watch,lower_model_score_band,medium_confidence_band,watch_tier_d,low_priority_watch,open,-0.58,-0.92,,,0.92,-3.03
2026-05-30 03:30:03,2026-06-02 03:30:26,FETUSDT,crypto,young_trend_watch,lower_model_score_band,medium_confidence_band,watch_tier_c,low_priority_watch,open,11.2,13.06,,,19.43,-3.35
2026-05-30 03:30:03,2026-06-02 03:30:27,WOOUSDT,crypto,young_trend_watch,lower_model_score_band,medium_confidence_band,watch_tier_c,low_priority_watch,open,0.6,1.81,,,3.61,-2.41
2026-05-30 03:30:02,2026-05-30 03:30:02,GBPUSDT,crypto,fresh_transition_watch,medium_model_score_band,medium_confidence_band,watch_tier_c,low_priority_watch,open,,,,,,
2026-05-30 03:30:02,2026-06-02 03:30:26,PIXELUSDT,crypto,young_trend_watch,lower_model_score_band,medium_confidence_band,watch_tier_d,low_priority_watch,open,6.91,6.32,,,11.62,-2.79
2026-05-29 03:30:03,2026-06-02 03:30:25,FETUSDT,crypto,young_trend_watch,lower_model_score_band,medium_confidence_band,watch_tier_c,low_priority_watch,open,17.16,15.02,,,21.23,-3.65
2026-05-29 03:30:03,2026-06-02 03:30:25,WOOUSDT,crypto,young_trend_watch,lower_model_score_band,medium_confidence_band,watch_tier_c,low_priority_watch,open,1.23,5.56,,,6.17,-2.47
2026-05-29 03:30:03,2026-06-02 03:30:25,LQTYUSDT,crypto,young_trend_watch,lower_model_score_band,medium_confidence_band,watch_tier_c,weak_signal_watch,open,4.56,19.5,,,20.75,-1.66
2026-05-29 03:30:02,2026-06-02 03:30:24,PIXELUSDT,crypto,young_trend_watch,lower_model_score_band,medium_confidence_band,watch_tier_d,low_priority_watch,open,4.44,11.18,,,16.23,-1.68
2026-05-29 03:30:02,2026-06-02 03:30:24,ETHUSDT,crypto,young_trend_watch,lower_model_score_band,medium_confidence_band,watch_tier_c,low_priority_watch,open,0.89,0.1,,,2.09,-2.43
2026-05-29 03:30:02,2026-06-02 03:30:24,WBETHUSDT,crypto,young_trend_watch,lower_model_score_band,medium_confidence_band,watch_tier_d,low_priority_watch,open,0.85,-0.02,,,2.03,-2.37
2026-05-29 03:30:01,2026-05-29 03:30:01,GBPUSDT,crypto,fresh_transition_watch,medium_model_score_band,medium_confidence_band,watch_tier_c,low_priority_watch,open,,,,,,
2026-05-28 03:30:04,2026-06-02 03:30:23,WOOUSDT,crypto,young_trend_watch,lower_model_score_band,medium_confidence_band,watch_tier_c,low_priority_watch,open,1.86,3.73,,,6.83,-3.73
2026-05-28 03:30:04,2026-06-02 03:30:23,LQTYUSDT,crypto,young_trend_watch,lower_model_score_band,medium_confidence_band,watch_tier_c,weak_signal_watch,open,2.5,17.08,,,21.25,-2.92
2026-05-28 03:30:03,2026-06-02 03:30:22,PIXELUSDT,crypto,young_trend_watch,lower_model_score_band,medium_confidence_band,watch_tier_d,low_priority_watch,open,3.6,13.77,,,18.78,-3.13
2026-05-28 03:30:03,2026-06-02 03:30:22,ETHUSDT,crypto,young_trend_watch,lower_model_score_band,medium_confidence_band,watch_tier_c,low_priority_watch,open,1.42,1.04,,,3.03,-1.53
2026-05-28 03:30:03,2026-06-02 03:30:23,WBETHUSDT,crypto,young_trend_watch,lower_model_score_band,medium_confidence_band,watch_tier_d,low_priority_watch,open,1.52,1.12,,,3.07,-1.38
2026-05-28 03:30:03,2026-06-02 03:30:23,FETUSDT,crypto,young_trend_watch,lower_model_score_band,medium_confidence_band,watch_tier_c,low_priority_watch,open,6.96,17.67,,,26.38,-5.25
2026-05-28 03:30:02,2026-05-28 03:30:02,GBPUSDT,crypto,fresh_transition_watch,medium_model_score_band,medium_confidence_band,watch_tier_c,low_priority_watch,open,,,,,,
2026-05-27 03:30:04,2026-06-02 03:30:21,LQTYUSDT,crypto,young_trend_watch,lower_model_score_band,medium_confidence_band,watch_tier_c,weak_signal_watch,open,-1.63,2.86,,,18.78,-4.9
2026-05-27 03:30:03,2026-06-02 03:30:20,ETHUSDT,crypto,young_trend_watch,lower_model_score_band,medium_confidence_band,watch_tier_c,low_priority_watch,open,-3.23,-2.63,,,0.98,-5.83
2026-05-27 03:30:03,2026-06-02 03:30:21,WBETHUSDT,crypto,young_trend_watch,lower_model_score_band,medium_confidence_band,watch_tier_d,low_priority_watch,open,-3.26,-2.62,,,0.91,-5.73
2026-05-27 03:30:03,2026-06-02 03:30:21,FETUSDT,crypto,young_trend_watch,lower_model_score_band,medium_confidence_band,watch_tier_c,low_priority_watch,open,-6.12,14.01,,,17.97,-11.56
2026-05-27 03:30:03,2026-06-02 03:30:21,WOOUSDT,crypto,young_trend_watch,lower_model_score_band,medium_confidence_band,watch_tier_c,low_priority_watch,open,-4.73,-2.96,,,2.37,-8.28
2026-05-27 03:30:02,2026-05-27 03:30:02,GBPUSDT,crypto,fresh_transition_watch,medium_model_score_band,medium_confidence_band,watch_tier_c,low_priority_watch,open,,,,,,
2026-05-27 03:30:02,2026-06-02 03:30:20,PIXELUSDT,crypto,young_trend_watch,lower_model_score_band,medium_confidence_band,watch_tier_d,low_priority_watch,open,-1.95,2.1,,,13.62,-7.34
2026-05-26 03:30:03,2026-06-02 03:30:18,WBETHUSDT,crypto,young_trend_watch,lower_model_score_band,medium_confidence_band,watch_tier_d,low_priority_watch,open,-2.83,-3.31,-4.03,,2.66,-6.08
2026-05-26 03:30:03,2026-06-02 03:30:19,FETUSDT,crypto,young_trend_watch,lower_model_score_band,medium_confidence_band,watch_tier_c,low_priority_watch,open,6.02,6.68,19.24,,26.05,-5.5
2026-05-26 03:30:03,2026-06-02 03:30:19,WOOUSDT,crypto,young_trend_watch,lower_model_score_band,medium_confidence_band,watch_tier_c,low_priority_watch,open,-2.91,-4.65,-1.74,,3.49,-9.88
2026-05-26 03:30:03,2026-06-02 03:30:19,LQTYUSDT,crypto,young_trend_watch,lower_model_score_band,medium_confidence_band,watch_tier_c,weak_signal_watch,open,0.41,0.41,13.47,,18.78,-4.9
2026-05-26 03:30:02,2026-05-26 03:30:02,GBPUSDT,crypto,fresh_transition_watch,medium_model_score_band,medium_confidence_band,watch_tier_c,low_priority_watch,open,,,,,,
2026-05-26 03:30:02,2026-06-02 03:30:18,PIXELUSDT,crypto,young_trend_watch,lower_model_score_band,medium_confidence_band,watch_tier_d,low_priority_watch,open,-1.64,-1.34,7.75,,13.11,-7.75
2026-05-26 03:30:02,2026-06-02 03:30:18,ETHUSDT,crypto,young_trend_watch,lower_model_score_band,medium_confidence_band,watch_tier_c,low_priority_watch,open,-3.05,-3.55,-4.19,,2.48,-6.35
2026-05-25 03:30:03,2026-06-02 03:30:17,WBETHUSDT,crypto,young_trend_watch,lower_model_score_band,medium_confidence_band,watch_tier_d,low_priority_watch,open,-0.89,-4.01,-4.2,,2.32,-6.46
2026-05-25 03:30:03,2026-06-02 03:30:17,FETUSDT,crypto,young_trend_watch,lower_model_score_band,medium_confidence_band,watch_tier_c,low_priority_watch,open,20.16,10.37,31.59,,38.69,-0.48
2026-05-25 03:30:03,2026-06-02 03:30:17,WOOUSDT,crypto,young_trend_watch,lower_model_score_band,medium_confidence_band,watch_tier_c,low_priority_watch,open,2.4,-3.59,2.4,,6.59,-7.19
2026-05-25 03:30:03,2026-06-02 03:30:17,LQTYUSDT,crypto,young_trend_watch,lower_model_score_band,medium_confidence_band,watch_tier_c,weak_signal_watch,open,-1.2,-3.21,15.66,,16.87,-6.43
2026-05-25 03:30:02,2026-05-25 03:30:02,GBPUSDT,crypto,fresh_transition_watch,medium_model_score_band,medium_confidence_band,watch_tier_c,low_priority_watch,open,,,,,,
2026-05-25 03:30:02,2026-06-02 03:30:16,PIXELUSDT,crypto,young_trend_watch,lower_model_score_band,medium_confidence_band,watch_tier_d,low_priority_watch,open,-2.36,-3.53,6.92,,11.78,-8.84
2026-05-25 03:30:02,2026-06-02 03:30:16,ETHUSDT,crypto,young_trend_watch,lower_model_score_band,medium_confidence_band,watch_tier_c,low_priority_watch,open,-1.05,-4.09,-4.24,,2.21,-6.66
2026-05-24 03:30:03,2026-06-02 03:30:15,FETUSDT,crypto,young_trend_watch,lower_model_score_band,medium_confidence_band,watch_tier_c,low_priority_watch,open,9.71,15.06,27.37,,36.79,-2.84
2026-05-24 03:30:03,2026-06-02 03:30:15,WOOUSDT,crypto,young_trend_watch,lower_model_score_band,medium_confidence_band,watch_tier_c,low_priority_watch,open,1.76,-1.76,-1.76,,4.71,-8.82
2026-05-24 03:30:03,2026-06-02 03:30:16,LQTYUSDT,crypto,young_trend_watch,lower_model_score_band,medium_confidence_band,watch_tier_c,weak_signal_watch,open,-3.86,-5.02,8.49,,12.36,-10.04
2026-05-24 03:30:02,2026-06-02 03:30:14,PIXELUSDT,crypto,young_trend_watch,lower_model_score_band,medium_confidence_band,watch_tier_d,low_priority_watch,open,-2.84,-6.38,3.12,,7.66,-12.2
2026-05-24 03:30:02,2026-06-02 03:30:14,ETHUSDT,crypto,young_trend_watch,lower_model_score_band,medium_confidence_band,watch_tier_c,low_priority_watch,open,-0.51,-4.66,-5.5,,0.86,-7.9
2026-05-24 03:30:02,2026-06-02 03:30:15,WBETHUSDT,crypto,young_trend_watch,lower_model_score_band,medium_confidence_band,watch_tier_d,low_priority_watch,open,-0.52,-4.58,-5.43,,0.89,-7.76
2026-05-24 03:30:01,2026-05-24 03:30:01,GBPUSDT,crypto,fresh_transition_watch,medium_model_score_band,medium_confidence_band,watch_tier_c,low_priority_watch,open,,,,,,
2026-05-23 03:30:04,2026-06-02 03:30:14,LQTYUSDT,crypto,young_trend_watch,lower_model_score_band,medium_confidence_band,watch_tier_c,weak_signal_watch,open,-3.47,-5.02,-2.7,,12.36,-10.04
2026-05-23 03:30:03,2026-06-02 03:30:13,ETHUSDT,crypto,young_trend_watch,lower_model_score_band,medium_confidence_band,watch_tier_c,low_priority_watch,open,1.45,0.19,-2.29,,3.87,-5.49
2026-05-23 03:30:03,2026-06-02 03:30:13,WBETHUSDT,crypto,young_trend_watch,lower_model_score_band,medium_confidence_band,watch_tier_d,low_priority_watch,open,1.45,0.34,-2.17,,3.84,-5.29
2026-05-23 03:30:03,2026-06-02 03:30:13,FETUSDT,crypto,young_trend_watch,lower_model_score_band,medium_confidence_band,watch_tier_c,low_priority_watch,open,2.76,23.42,37.67,,42.46,-5.62
2026-05-23 03:30:03,2026-06-02 03:30:13,WOOUSDT,crypto,young_trend_watch,lower_model_score_band,medium_confidence_band,watch_tier_c,low_priority_watch,open,0.61,3.64,-0.61,,7.88,-6.06
2026-05-23 03:30:02,2026-05-23 03:30:02,GBPUSDT,crypto,fresh_transition_watch,medium_model_score_band,medium_confidence_band,watch_tier_c,low_priority_watch,open,,,,,,
2026-05-23 03:30:02,2026-06-02 03:30:12,PIXELUSDT,crypto,young_trend_watch,lower_model_score_band,medium_confidence_band,watch_tier_d,low_priority_watch,open,-0.73,-2.79,0.0,,11.29,-9.24
2026-05-22 03:30:03,2026-06-02 03:30:11,WBETHUSDT,crypto,young_trend_watch,lower_model_score_band,medium_confidence_band,watch_tier_d,low_priority_watch,open,-0.87,-1.11,-5.62,,0.53,-8.31
2026-05-22 03:30:03,2026-06-02 03:30:11,FETUSDT,crypto,young_trend_watch,lower_model_score_band,medium_confidence_band,watch_tier_c,low_priority_watch,open,2.61,14.19,20.5,,42.39,-5.67
2026-05-22 03:30:03,2026-06-02 03:30:12,WOOUSDT,crypto,young_trend_watch,lower_model_score_band,medium_confidence_band,watch_tier_c,low_priority_watch,open,-1.73,0.0,-5.2,,2.89,-10.4
2026-05-22 03:30:03,2026-06-02 03:30:12,LQTYUSDT,crypto,young_trend_watch,lower_model_score_band,medium_confidence_band,watch_tier_c,weak_signal_watch,open,-2.24,-7.09,-8.21,,8.58,-13.06
2026-05-22 03:30:02,2026-05-22 03:30:02,GBPUSDT,crypto,fresh_transition_watch,medium_model_score_band,medium_confidence_band,watch_tier_c,low_priority_watch,open,,,,,,
2026-05-22 03:30:02,2026-06-02 03:30:11,PIXELUSDT,crypto,young_trend_watch,lower_model_score_band,medium_confidence_band,watch_tier_d,low_priority_watch,open,0.99,-2.7,-5.97,,7.81,-12.07
2026-05-22 03:30:02,2026-06-02 03:30:11,ETHUSDT,crypto,young_trend_watch,lower_model_score_band,medium_confidence_band,watch_tier_c,low_priority_watch,open,-0.96,-1.18,-5.79,,0.55,-8.52
2026-05-21 03:30:04,2026-06-02 03:30:10,WOOUSDT,crypto,young_trend_watch,lower_model_score_band,medium_confidence_band,watch_tier_c,low_priority_watch,open,-5.23,-3.49,-6.4,,3.49,-9.88
2026-05-21 03:30:04,2026-06-02 03:30:10,LQTYUSDT,crypto,young_trend_watch,lower_model_score_band,medium_confidence_band,watch_tier_c,weak_signal_watch,open,-5.2,-7.06,-10.41,,8.18,-13.38
2026-05-21 03:30:03,2026-06-02 03:30:09,PIXELUSDT,crypto,young_trend_watch,lower_model_score_band,medium_confidence_band,watch_tier_d,low_priority_watch,open,-2.46,-2.17,-5.35,,9.68,-10.55
2026-05-21 03:30:03,2026-06-02 03:30:09,ETHUSDT,crypto,young_trend_watch,lower_model_score_band,medium_confidence_band,watch_tier_c,low_priority_watch,open,-3.69,-2.11,-6.3,,0.58,-8.81
2026-05-21 03:30:03,2026-06-02 03:30:09,WBETHUSDT,crypto,young_trend_watch,lower_model_score_band,medium_confidence_band,watch_tier_d,low_priority_watch,open,-3.71,-2.15,-6.27,,0.44,-8.66
2026-05-21 03:30:03,2026-06-02 03:30:10,FETUSDT,crypto,young_trend_watch,lower_model_score_band,medium_confidence_band,watch_tier_c,low_priority_watch,open,2.06,7.48,18.57,,48.99,-1.81
2026-05-21 03:30:02,2026-05-21 16:10:04,GBPUSDT,crypto,fresh_transition_watch,medium_model_score_band,medium_confidence_band,watch_tier_c,low_priority_watch,open,,,,,,
2026-05-20 03:30:03,2026-06-02 03:30:07,AEURUSDT,crypto,young_trend_watch,lower_model_score_band,medium_confidence_band,watch_tier_d,low_priority_watch,open,0.18,0.22,0.55,,1.26,-0.16
2026-05-20 03:30:03,2026-06-02 03:30:08,VICUSDT,crypto,young_trend_watch,lower_model_score_band,medium_confidence_band,watch_tier_c,weak_signal_watch,open,-10.0,-10.17,-5.5,,23.83,-36.17
2026-05-20 03:30:03,2026-06-02 03:30:08,HOTUSDT,crypto,young_trend_watch,lower_model_score_band,medium_confidence_band,watch_tier_c,weak_signal_watch,open,1.0,-0.5,-6.27,,2.51,-11.53
2026-05-20 03:30:02,2026-05-21 16:10:02,GBPUSDT,crypto,fresh_transition_watch,medium_model_score_band,medium_confidence_band,watch_tier_c,low_priority_watch,open,,,,,,
2026-05-20 03:30:02,2026-06-02 03:30:07,CITYUSDT,crypto,young_trend_watch,lower_model_score_band,medium_confidence_band,watch_tier_d,low_priority_watch,open,2.73,-2.73,-8.6,,4.4,-13.42
2026-05-19 03:30:02,2026-05-21 16:10:00,GBPUSDT,crypto,fresh_transition_watch,medium_model_score_band,medium_confidence_band,watch_tier_c,low_priority_watch,open,,,,,,
2026-05-19 03:30:02,2026-06-02 03:30:06,QUICKUSDT,crypto,young_trend_watch,lower_model_score_band,medium_confidence_band,watch_tier_d,low_priority_watch,closed,-0.74,-9.73,-19.56,-6.03,31.5,-25.16
2026-05-19 03:30:02,2026-06-02 03:30:06,UUSDT,crypto,young_trend_watch,lower_model_score_band,medium_confidence_band,watch_tier_c,low_priority_watch,closed,0.01,0.03,0.06,0.04,0.15,-0.02
2026-05-19 03:30:02,2026-06-02 03:30:06,ONTBTC,crypto,young_trend_watch,lower_model_score_band,higher_confidence_band,watch_tier_c,low_priority_watch,closed,-9.2,-12.64,-19.54,-16.09,8.05,-20.69
2026-05-18 03:30:02,2026-05-21 16:09:59,GBPUSDT,crypto,fresh_transition_watch,medium_model_score_band,medium_confidence_band,watch_tier_c,low_priority_watch,open,,,,,,
2026-05-18 03:30:02,2026-06-01 03:30:05,SKYBTC,crypto,young_trend_watch,lower_model_score_band,higher_confidence_band,watch_tier_c,low_priority_watch,closed,0.0,0.0,1.11,4.44,4.44,-4.44
2026-05-18 03:30:02,2026-06-01 03:30:05,KITEUSDT,crypto,young_trend_watch,lower_model_score_band,medium_confidence_band,watch_tier_c,low_priority_watch,closed,9.25,6.73,-9.02,-0.41,14.51,-16.03
2026-05-17 03:30:02,2026-05-21 16:09:59,GBPUSDT,crypto,fresh_transition_watch,medium_model_score_band,medium_confidence_band,watch_tier_c,low_priority_watch,open,,,,,,
2026-05-17 03:30:02,2026-05-31 03:30:05,ONGUSDT,crypto,young_trend_watch,lower_model_score_band,medium_confidence_band,watch_tier_c,low_priority_watch,closed,-0.88,3.32,-0.93,-6.15,17.79,-11.52
2026-05-17 03:30:02,2026-05-31 03:30:05,AIUSDT,crypto,young_trend_watch,lower_model_score_band,higher_confidence_band,watch_tier_c,weak_signal_watch,closed,-7.76,-14.91,-12.11,-18.94,5.28,-27.64
2026-05-16 03:36:55,2026-05-30 03:30:05,SUIUSDT,crypto,young_trend_watch,medium_model_score_band,higher_confidence_band,watch_tier_c,low_priority_watch,closed,-4.53,-3.78,-2.39,-16.64,6.55,-18.4
2026-05-16 03:36:55,2026-05-30 03:30:05,NILUSDT,crypto,young_trend_watch,medium_model_score_band,higher_confidence_band,watch_tier_c,low_priority_watch,closed,-9.66,-0.15,19.4,22.6,76.2,-12.64
2026-05-16 03:36:54,2026-05-21 16:09:58,GBPUSDT,crypto,fresh_transition_watch,medium_model_score_band,medium_confidence_band,watch_tier_c,watchlist,open,,,,,,
2026-05-12 17:48:43,2026-05-26 03:30:06,NEWTUSDT,crypto,young_trend_watch,medium_model_score_band,higher_confidence_band,watch_tier_c,low_priority_watch,closed,-6.16,-6.16,-9.98,-9.73,4.93,-13.42
2026-05-12 17:48:43,2026-05-26 03:30:06,BNTUSDT,crypto,young_trend_watch,medium_model_score_band,higher_confidence_band,watch_tier_c,low_priority_watch,closed,-0.41,-0.21,-2.25,-0.03,5.03,-4.85
2026-05-12 17:48:42,2026-05-26 03:30:05,ICPBTC,crypto,young_trend_watch,medium_model_score_band,medium_confidence_band,watch_tier_c,low_priority_watch,closed,-3.53,-16.88,-18.89,-13.85,3.78,-19.14
2026-05-12 17:48:42,2026-05-26 03:30:05,MUBARAKUSDT,crypto,young_trend_watch,medium_model_score_band,higher_confidence_band,watch_tier_c,low_priority_watch,closed,-9.7,-13.68,-20.28,-24.84,4.03,-27.64
2026-05-12 17:48:42,2026-05-26 03:30:05,PLUMEUSDT,crypto,young_trend_watch,medium_model_score_band,higher_confidence_band,watch_tier_c,low_priority_watch,closed,-6.96,-13.56,-18.08,-1.08,23.74,-22.31
2026-05-12 17:48:42,2026-05-26 03:30:06,CHRUSDT,crypto,young_trend_watch,medium_model_score_band,higher_confidence_band,watch_tier_c,low_priority_watch,closed,-15.81,-20.0,-25.84,-27.53,1.07,-29.11
2026-05-12 17:48:41,2026-05-26 03:30:04,JASMYUSDT,crypto,fresh_transition_watch,medium_model_score_band,higher_confidence_band,watch_tier_b,watchlist,closed,-2.83,-8.48,-16.22,-18.45,6.1,-21.58
2026-05-12 17:48:41,2026-05-21 16:09:55,GBPUSDT,crypto,fresh_transition_watch,medium_model_score_band,medium_confidence_band,watch_tier_c,watchlist,open,,,,,,
2026-05-12 17:48:41,2026-05-26 03:30:05,NEARBTC,crypto,young_trend_watch,medium_model_score_band,medium_confidence_band,watch_tier_c,low_priority_watch,closed,1.33,-0.41,6.37,83.12,85.06,-4.9
2026-05-11 15:29:41,2026-05-25 03:30:08,NXPCUSDT,crypto,young_trend_watch,medium_model_score_band,higher_confidence_band,watch_tier_c,low_priority_watch,closed,-6.39,4.5,-5.75,3.28,7.46,-9.41
2026-05-11 15:29:41,2026-05-25 03:30:09,LQTYUSDT,crypto,young_trend_watch,medium_model_score_band,higher_confidence_band,watch_tier_c,low_priority_watch,closed,-4.78,-8.66,-20.0,-25.67,2.69,-26.57
2026-05-11 15:29:41,2026-05-25 03:30:09,STORJUSDT,crypto,young_trend_watch,medium_model_score_band,medium_confidence_band,watch_tier_c,low_priority_watch,closed,-4.61,-4.08,-0.89,-7.9,41.7,-11.0
2026-05-11 15:29:40,2026-05-25 03:30:07,ACHUSDT,crypto,young_trend_watch,medium_model_score_band,higher_confidence_band,watch_tier_c,low_priority_watch,closed,1.64,-9.14,-17.7,-22.98,6.68,-24.97
2026-05-11 15:29:40,2026-05-25 03:30:07,FLUXUSDT,crypto,young_trend_watch,medium_model_score_band,higher_confidence_band,watch_tier_c,low_priority_watch,closed,-1.56,-4.44,-16.69,-11.16,3.72,-21.25
2026-05-11 15:29:40,2026-05-25 03:30:08,ASTRUSDT,crypto,young_trend_watch,medium_model_score_band,higher_confidence_band,watch_tier_c,low_priority_watch,closed,-1.61,-4.34,-14.29,-16.99,3.31,-18.55
2026-05-11 15:29:40,2026-05-25 03:30:08,HOTUSDT,crypto,young_trend_watch,medium_model_score_band,higher_confidence_band,watch_tier_c,low_priority_watch,closed,-4.15,-5.02,-12.66,-14.85,1.97,-17.47
2026-05-11 15:29:39,2026-05-25 03:30:06,LDOUSDT,crypto,fresh_transition_watch,medium_model_score_band,higher_confidence_band,watch_tier_b,watchlist,closed,-1.33,-2.75,-11.13,-14.38,12.98,-18.65
2026-05-11 15:29:39,2026-05-25 03:30:07,TIAUSDT,crypto,fresh_transition_watch,medium_model_score_band,higher_confidence_band,watch_tier_b,watchlist,closed,2.58,3.31,-11.28,-7.01,16.17,-18.62
2026-05-11 15:29:39,2026-05-25 03:30:07,LUNAUSDT,crypto,young_trend_watch,medium_model_score_band,higher_confidence_band,watch_tier_c,low_priority_watch,closed,-0.57,-3.7,-8.68,-12.94,2.84,-14.37
2026-05-11 15:29:38,2026-05-25 03:30:06,INJBTC,crypto,fresh_transition_watch,medium_model_score_band,higher_confidence_band,watch_tier_b,watchlist,closed,11.6,19.34,25.29,23.13,41.97,-2.85
2026-05-11 14:57:35,2026-05-25 03:30:05,IOUSDT,crypto,young_trend_watch,medium_model_score_band,higher_confidence_band,watch_tier_c,low_priority_watch,closed,-2.15,-3.25,-9.95,-6.77,8.0,-18.22
2026-05-11 14:57:35,2026-05-25 03:30:06,SAPIENUSDT,crypto,young_trend_watch,medium_model_score_band,higher_confidence_band,watch_tier_c,low_priority_watch,closed,12.7,26.78,-1.11,2.69,32.81,-7.04
2026-05-11 14:57:35,2026-05-25 03:30:06,MTLUSDT,crypto,young_trend_watch,medium_model_score_band,higher_confidence_band,watch_tier_c,low_priority_watch,closed,-2.42,-4.53,-11.18,-8.16,13.29,-13.6
2026-05-11 14:57:34,2026-05-25 03:30:05,DASHBTC,crypto,young_trend_watch,medium_model_score_band,medium_confidence_band,watch_tier_c,low_priority_watch,closed,0.12,-0.3,-3.04,3.98,21.64,-9.32
2026-05-11 14:57:34,2026-05-25 03:30:05,ONGBTC,crypto,young_trend_watch,medium_model_score_band,higher_confidence_band,watch_tier_c,low_priority_watch,closed,-2.2,-4.4,-6.59,-6.59,1.1,-10.99
2026-05-11 14:57:34,2026-05-25 03:30:05,HOLOUSDT,crypto,young_trend_watch,medium_model_score_band,higher_confidence_band,watch_tier_c,low_priority_watch,closed,5.75,-8.56,-4.28,-10.76,8.44,-14.43
2026-05-11 14:57:33,2026-05-21 16:09:50,GBPUSDT,crypto,fresh_transition_watch,medium_model_score_band,medium_confidence_band,watch_tier_c,watchlist,open,,,,,,
2026-05-11 14:57:33,2026-05-25 03:30:04,DOGEUSDT,crypto,young_trend_watch,medium_model_score_band,higher_confidence_band,watch_tier_c,low_priority_watch,closed,0.4,5.24,-4.5,-7.14,8.11,-11.26
2026-05-09 07:33:00,2026-05-23 03:30:07,INJUSDT,crypto,fresh_transition_watch,higher_model_score_band,higher_confidence_band,watch_tier_b,watchlist,closed,0.75,12.73,11.37,25.91,43.8,-3.72
2026-05-09 00:12:03,2026-05-23 03:30:06,IOUSDT,crypto,young_trend_watch,medium_model_score_band,higher_confidence_band,watch_tier_c,low_priority_watch,closed,-2.44,-8.35,-18.16,-11.4,4.81,-23.4
2026-05-09 00:12:03,2026-05-23 03:30:07,SAPIENUSDT,crypto,young_trend_watch,medium_model_score_band,higher_confidence_band,watch_tier_c,low_priority_watch,closed,2.68,16.48,21.17,13.31,37.26,-3.93
2026-05-09 00:12:03,2026-05-23 03:30:07,MTLUSDT,crypto,young_trend_watch,medium_model_score_band,higher_confidence_band,watch_tier_c,low_priority_watch,closed,1.82,-2.12,-9.39,-1.21,13.03,-13.33
2026-05-09 00:12:02,2026-05-23 03:30:06,ONGBTC,crypto,young_trend_watch,medium_model_score_band,medium_confidence_band,watch_tier_c,watchlist,closed,2.22,-1.11,-5.56,-2.22,3.33,-10.0
2026-05-09 00:12:02,2026-05-23 03:30:06,HOLOUSDT,crypto,young_trend_watch,medium_model_score_band,higher_confidence_band,watch_tier_c,watchlist,closed,3.76,12.19,-3.11,-1.3,15.05,-7.91
2026-05-09 00:12:01,2026-05-23 03:30:05,DOGEUSDT,crypto,young_trend_watch,medium_model_score_band,higher_confidence_band,watch_tier_b,watchlist,closed,2.72,0.61,-0.1,-7.0,8.34,-8.02
2026-05-09 00:12:01,2026-05-23 03:30:06,DASHBTC,crypto,young_trend_watch,medium_model_score_band,medium_confidence_band,watch_tier_b,watchlist,closed,-7.46,-8.39,-15.81,-4.14,11.31,-17.03
2026-05-09 00:07:21,2026-05-23 03:30:05,VIRTUALUSDT,crypto,young_trend_watch,medium_model_score_band,higher_confidence_band,watch_tier_c,watchlist,closed,-3.29,-13.38,-23.06,-23.41,3.16,-28.03
2026-05-09 00:07:20,2026-05-21 16:09:47,GBPUSDT,crypto,fresh_transition_watch,medium_model_score_band,medium_confidence_band,watch_tier_b,watchlist,open,,,,,,
2026-05-09 00:07:20,2026-05-23 03:30:05,NOTUSDT,crypto,young_trend_watch,medium_model_score_band,higher_confidence_band,watch_tier_c,watchlist,closed,-11.93,-17.53,-26.22,-31.52,2.36,-33.28
